{
  "png_width": 744,
  "png_height": 624,
  "right": {
    "scale_x": 0.7848160223567769,
    "offset_x": -147.2417326502096,
    "scale_y": 0.7942122186495176,
    "offset_y": 74.64630225080386
  },
  "left": {
    "scale_x": 0.7885389533506986,
    "offset_x": 194.12360880890367,
    "scale_y": 0.7967741935483871,
    "offset_y": 74.6258064516129
  }
}