{
  "png_width": 744,
  "png_height": 616,
  "right": {
    "scale_x": 0.7498887405429462,
    "offset_x": -132.47797062750334,
    "scale_y": 0.7585669781931464,
    "offset_y": 82.51713395638629
  },
  "left": {
    "scale_x": 0.7528826588288492,
    "offset_x": 209.37915442007687,
    "scale_y": 0.7609375,
    "offset_y": 82.521875
  }
}